"Date","Source","Site ID","POC","Daily Max 8-hour CO Concentration","Units","Daily AQI Value","Local Site Name","Daily Obs Count","Percent Complete","AQS Parameter Code","AQS Parameter Description","Method Code","CBSA Code","CBSA Name","State FIPS Code","State","County FIPS Code","County","Site Latitude","Site Longitude"
"01/01/2023","AQS","020200018","1","1.3","ppm","15","GARDEN/TRINITY CHRISTIAN CHURCH","18","75.0000","42101","Carbon monoxide","554","11260","Anchorage, AK","02","Alaska","020","Anchorage","61.2058610007956","-149.824602"
"01/02/2023","AQS","020200018","1","1.3","ppm","15","GARDEN/TRINITY CHRISTIAN CHURCH","24","100.0000","42101","Carbon monoxide","554","11260","Anchorage, AK","02","Alaska","020","Anchorage","61.2058610007956","-149.824602"
"01/03/2023","AQS","020200018","1","1.7","ppm","19","GARDEN/TRINITY CHRISTIAN CHURCH","24","100.0000","42101","Carbon monoxide","554","11260","Anchorage, AK","02","Alaska","020","Anchorage","61.2058610007956","-149.824602"
"01/04/2023","AQS","020200018","1","1","ppm","11","GARDEN/TRINITY CHRISTIAN CHURCH","24","100.0000","42101","Carbon monoxide","554","11260","Anchorage, AK","02","Alaska","020","Anchorage","61.2058610007956","-149.824602"
"01/05/2023","AQS","020200018","1","1.5","ppm","17","GARDEN/TRINITY CHRISTIAN CHURCH","24","100.0000","42101","Carbon monoxide","554","11260","Anchorage, AK","02","Alaska","020","Anchorage","61.2058610007956","-149.824602"
"01/06/2023","AQS","020200018","1","2.6","ppm","30","GARDEN/TRINITY CHRISTIAN CHURCH","24","100.0000","42101","Carbon monoxide","554","11260","Anchorage, AK","02","Alaska","020","Anchorage","61.2058610007956","-149.824602"
"01/07/2023","AQS","020200018","1","2.4","ppm","27","GARDEN/TRINITY CHRISTIAN CHURCH","24","100.0000","42101","Carbon monoxide","554","11260","Anchorage, AK","02","Alaska","020","Anchorage","61.2058610007956","-149.824602"
"01/08/2023","AQS","020200018","1","1.6","ppm","18","GARDEN/TRINITY CHRISTIAN CHURCH","24","100.0000","42101","Carbon monoxide","554","11260","Anchorage, AK","02","Alaska","020","Anchorage","61.2058610007956","-149.824602"
"01/09/2023","AQS","020200018","1","1.2","ppm","14","GARDEN/TRINITY CHRISTIAN CHURCH","24","100.0000","42101","Carbon monoxide","554","11260","Anchorage, AK","02","Alaska","020","Anchorage","61.2058610007956","-149.824602"
"01/10/2023","AQS","020200018","1","0.9","ppm","10","GARDEN/TRINITY CHRISTIAN CHURCH","24","100.0000","42101","Carbon monoxide","554","11260","Anchorage, AK","02","Alaska","020","Anchorage","61.2058610007956","-149.824602"
"01/11/2023","AQS","020200018","1","1.1","ppm","13","GARDEN/TRINITY CHRISTIAN CHURCH","24","100.0000","42101","Carbon monoxide","554","11260","Anchorage, AK","02","Alaska","020","Anchorage","61.2058610007956","-149.824602"
"01/12/2023","AQS","020200018","1","1.1","ppm","13","GARDEN/TRINITY CHRISTIAN CHURCH","24","100.0000","42101","Carbon monoxide","554","11260","Anchorage, AK","02","Alaska","020","Anchorage","61.2058610007956","-149.824602"
"01/13/2023","AQS","020200018","1","1.4","ppm","16","GARDEN/TRINITY CHRISTIAN CHURCH","24","100.0000","42101","Carbon monoxide","554","11260","Anchorage, AK","02","Alaska","020","Anchorage","61.2058610007956","-149.824602"
"01/14/2023","AQS","020200018","1","0.7","ppm","8","GARDEN/TRINITY CHRISTIAN CHURCH","24","100.0000","42101","Carbon monoxide","554","11260","Anchorage, AK","02","Alaska","020","Anchorage","61.2058610007956","-149.824602"
"01/15/2023","AQS","020200018","1","1.2","ppm","14","GARDEN/TRINITY CHRISTIAN CHURCH","24","100.0000","42101","Carbon monoxide","554","11260","Anchorage, AK","02","Alaska","020","Anchorage","61.2058610007956","-149.824602"
"01/16/2023","AQS","020200018","1","0.8","ppm","9","GARDEN/TRINITY CHRISTIAN CHURCH","24","100.0000","42101","Carbon monoxide","554","11260","Anchorage, AK","02","Alaska","020","Anchorage","61.2058610007956","-149.824602"
"01/17/2023","AQS","020200018","1","2","ppm","23","GARDEN/TRINITY CHRISTIAN CHURCH","24","100.0000","42101","Carbon monoxide","554","11260","Anchorage, AK","02","Alaska","020","Anchorage","61.2058610007956","-149.824602"
"01/18/2023","AQS","020200018","1","2","ppm","23","GARDEN/TRINITY CHRISTIAN CHURCH","24","100.0000","42101","Carbon monoxide","554","11260","Anchorage, AK","02","Alaska","020","Anchorage","61.2058610007956","-149.824602"
"01/19/2023","AQS","020200018","1","0.9","ppm","10","GARDEN/TRINITY CHRISTIAN CHURCH","24","100.0000","42101","Carbon monoxide","554","11260","Anchorage, AK","02","Alaska","020","Anchorage","61.2058610007956","-149.824602"
"01/20/2023","AQS","020200018","1","0.4","ppm","5","GARDEN/TRINITY CHRISTIAN CHURCH","24","100.0000","42101","Carbon monoxide","554","11260","Anchorage, AK","02","Alaska","020","Anchorage","61.2058610007956","-149.824602"
"01/21/2023","AQS","020200018","1","1.5","ppm","17","GARDEN/TRINITY CHRISTIAN CHURCH","24","100.0000","42101","Carbon monoxide","554","11260","Anchorage, AK","02","Alaska","020","Anchorage","61.2058610007956","-149.824602"
"01/22/2023","AQS","020200018","1","1.6","ppm","18","GARDEN/TRINITY CHRISTIAN CHURCH","24","100.0000","42101","Carbon monoxide","554","11260","Anchorage, AK","02","Alaska","020","Anchorage","61.2058610007956","-149.824602"
"01/23/2023","AQS","020200018","1","0.4","ppm","5","GARDEN/TRINITY CHRISTIAN CHURCH","24","100.0000","42101","Carbon monoxide","554","11260","Anchorage, AK","02","Alaska","020","Anchorage","61.2058610007956","-149.824602"
"01/24/2023","AQS","020200018","1","0.4","ppm","5","GARDEN/TRINITY CHRISTIAN CHURCH","24","100.0000","42101","Carbon monoxide","554","11260","Anchorage, AK","02","Alaska","020","Anchorage","61.2058610007956","-149.824602"
"01/25/2023","AQS","020200018","1","0.5","ppm","6","GARDEN/TRINITY CHRISTIAN CHURCH","24","100.0000","42101","Carbon monoxide","554","11260","Anchorage, AK","02","Alaska","020","Anchorage","61.2058610007956","-149.824602"
"01/26/2023","AQS","020200018","1","0.3","ppm","3","GARDEN/TRINITY CHRISTIAN CHURCH","24","100.0000","42101","Carbon monoxide","554","11260","Anchorage, AK","02","Alaska","020","Anchorage","61.2058610007956","-149.824602"
"01/27/2023","AQS","020200018","1","0.4","ppm","5","GARDEN/TRINITY CHRISTIAN CHURCH","24","100.0000","42101","Carbon monoxide","554","11260","Anchorage, AK","02","Alaska","020","Anchorage","61.2058610007956","-149.824602"
"01/28/2023","AQS","020200018","1","1","ppm","11","GARDEN/TRINITY CHRISTIAN CHURCH","24","100.0000","42101","Carbon monoxide","554","11260","Anchorage, AK","02","Alaska","020","Anchorage","61.2058610007956","-149.824602"
"01/29/2023","AQS","020200018","1","1.1","ppm","13","GARDEN/TRINITY CHRISTIAN CHURCH","24","100.0000","42101","Carbon monoxide","554","11260","Anchorage, AK","02","Alaska","020","Anchorage","61.2058610007956","-149.824602"
"01/30/2023","AQS","020200018","1","0.4","ppm","5","GARDEN/TRINITY CHRISTIAN CHURCH","24","100.0000","42101","Carbon monoxide","554","11260","Anchorage, AK","02","Alaska","020","Anchorage","61.2058610007956","-149.824602"
"01/31/2023","AQS","020200018","1","0.6","ppm","7","GARDEN/TRINITY CHRISTIAN CHURCH","24","100.0000","42101","Carbon monoxide","554","11260","Anchorage, AK","02","Alaska","020","Anchorage","61.2058610007956","-149.824602"
"02/01/2023","AQS","020200018","1","0.5","ppm","6","GARDEN/TRINITY CHRISTIAN CHURCH","24","100.0000","42101","Carbon monoxide","554","11260","Anchorage, AK","02","Alaska","020","Anchorage","61.2058610007956","-149.824602"
"02/02/2023","AQS","020200018","1","0.5","ppm","6","GARDEN/TRINITY CHRISTIAN CHURCH","24","100.0000","42101","Carbon monoxide","554","11260","Anchorage, AK","02","Alaska","020","Anchorage","61.2058610007956","-149.824602"
"02/03/2023","AQS","020200018","1","0.3","ppm","3","GARDEN/TRINITY CHRISTIAN CHURCH","24","100.0000","42101","Carbon monoxide","554","11260","Anchorage, AK","02","Alaska","020","Anchorage","61.2058610007956","-149.824602"
"02/04/2023","AQS","020200018","1","0.5","ppm","6","GARDEN/TRINITY CHRISTIAN CHURCH","24","100.0000","42101","Carbon monoxide","554","11260","Anchorage, AK","02","Alaska","020","Anchorage","61.2058610007956","-149.824602"
"02/05/2023","AQS","020200018","1","0.5","ppm","6","GARDEN/TRINITY CHRISTIAN CHURCH","24","100.0000","42101","Carbon monoxide","554","11260","Anchorage, AK","02","Alaska","020","Anchorage","61.2058610007956","-149.824602"
"02/06/2023","AQS","020200018","1","0.5","ppm","6","GARDEN/TRINITY CHRISTIAN CHURCH","24","100.0000","42101","Carbon monoxide","554","11260","Anchorage, AK","02","Alaska","020","Anchorage","61.2058610007956","-149.824602"
"02/07/2023","AQS","020200018","1","1.9","ppm","22","GARDEN/TRINITY CHRISTIAN CHURCH","24","100.0000","42101","Carbon monoxide","554","11260","Anchorage, AK","02","Alaska","020","Anchorage","61.2058610007956","-149.824602"
"02/08/2023","AQS","020200018","1","0.3","ppm","3","GARDEN/TRINITY CHRISTIAN CHURCH","24","100.0000","42101","Carbon monoxide","554","11260","Anchorage, AK","02","Alaska","020","Anchorage","61.2058610007956","-149.824602"
"02/09/2023","AQS","020200018","1","0.4","ppm","5","GARDEN/TRINITY CHRISTIAN CHURCH","24","100.0000","42101","Carbon monoxide","554","11260","Anchorage, AK","02","Alaska","020","Anchorage","61.2058610007956","-149.824602"
"02/10/2023","AQS","020200018","1","0.3","ppm","3","GARDEN/TRINITY CHRISTIAN CHURCH","24","100.0000","42101","Carbon monoxide","554","11260","Anchorage, AK","02","Alaska","020","Anchorage","61.2058610007956","-149.824602"
"02/11/2023","AQS","020200018","1","0.3","ppm","3","GARDEN/TRINITY CHRISTIAN CHURCH","24","100.0000","42101","Carbon monoxide","554","11260","Anchorage, AK","02","Alaska","020","Anchorage","61.2058610007956","-149.824602"
"02/12/2023","AQS","020200018","1","0.4","ppm","5","GARDEN/TRINITY CHRISTIAN CHURCH","24","100.0000","42101","Carbon monoxide","554","11260","Anchorage, AK","02","Alaska","020","Anchorage","61.2058610007956","-149.824602"
"02/13/2023","AQS","020200018","1","0.3","ppm","3","GARDEN/TRINITY CHRISTIAN CHURCH","24","100.0000","42101","Carbon monoxide","554","11260","Anchorage, AK","02","Alaska","020","Anchorage","61.2058610007956","-149.824602"
"02/14/2023","AQS","020200018","1","0.3","ppm","3","GARDEN/TRINITY CHRISTIAN CHURCH","24","100.0000","42101","Carbon monoxide","554","11260","Anchorage, AK","02","Alaska","020","Anchorage","61.2058610007956","-149.824602"
"02/15/2023","AQS","020200018","1","1.5","ppm","17","GARDEN/TRINITY CHRISTIAN CHURCH","24","100.0000","42101","Carbon monoxide","554","11260","Anchorage, AK","02","Alaska","020","Anchorage","61.2058610007956","-149.824602"
"02/16/2023","AQS","020200018","1","0.7","ppm","8","GARDEN/TRINITY CHRISTIAN CHURCH","24","100.0000","42101","Carbon monoxide","554","11260","Anchorage, AK","02","Alaska","020","Anchorage","61.2058610007956","-149.824602"
"02/17/2023","AQS","020200018","1","0.4","ppm","5","GARDEN/TRINITY CHRISTIAN CHURCH","24","100.0000","42101","Carbon monoxide","554","11260","Anchorage, AK","02","Alaska","020","Anchorage","61.2058610007956","-149.824602"
"02/18/2023","AQS","020200018","1","0.5","ppm","6","GARDEN/TRINITY CHRISTIAN CHURCH","24","100.0000","42101","Carbon monoxide","554","11260","Anchorage, AK","02","Alaska","020","Anchorage","61.2058610007956","-149.824602"
"02/19/2023","AQS","020200018","1","0.4","ppm","5","GARDEN/TRINITY CHRISTIAN CHURCH","24","100.0000","42101","Carbon monoxide","554","11260","Anchorage, AK","02","Alaska","020","Anchorage","61.2058610007956","-149.824602"
"02/20/2023","AQS","020200018","1","1.1","ppm","13","GARDEN/TRINITY CHRISTIAN CHURCH","24","100.0000","42101","Carbon monoxide","554","11260","Anchorage, AK","02","Alaska","020","Anchorage","61.2058610007956","-149.824602"
"02/21/2023","AQS","020200018","1","1.5","ppm","17","GARDEN/TRINITY CHRISTIAN CHURCH","24","100.0000","42101","Carbon monoxide","554","11260","Anchorage, AK","02","Alaska","020","Anchorage","61.2058610007956","-149.824602"
"02/22/2023","AQS","020200018","1","0.3","ppm","3","GARDEN/TRINITY CHRISTIAN CHURCH","24","100.0000","42101","Carbon monoxide","554","11260","Anchorage, AK","02","Alaska","020","Anchorage","61.2058610007956","-149.824602"
"02/23/2023","AQS","020200018","1","0.3","ppm","3","GARDEN/TRINITY CHRISTIAN CHURCH","24","100.0000","42101","Carbon monoxide","554","11260","Anchorage, AK","02","Alaska","020","Anchorage","61.2058610007956","-149.824602"
"02/24/2023","AQS","020200018","1","0.4","ppm","5","GARDEN/TRINITY CHRISTIAN CHURCH","24","100.0000","42101","Carbon monoxide","554","11260","Anchorage, AK","02","Alaska","020","Anchorage","61.2058610007956","-149.824602"
"02/25/2023","AQS","020200018","1","0.8","ppm","9","GARDEN/TRINITY CHRISTIAN CHURCH","24","100.0000","42101","Carbon monoxide","554","11260","Anchorage, AK","02","Alaska","020","Anchorage","61.2058610007956","-149.824602"
"02/26/2023","AQS","020200018","1","1","ppm","11","GARDEN/TRINITY CHRISTIAN CHURCH","24","100.0000","42101","Carbon monoxide","554","11260","Anchorage, AK","02","Alaska","020","Anchorage","61.2058610007956","-149.824602"
"02/27/2023","AQS","020200018","1","0.9","ppm","10","GARDEN/TRINITY CHRISTIAN CHURCH","24","100.0000","42101","Carbon monoxide","554","11260","Anchorage, AK","02","Alaska","020","Anchorage","61.2058610007956","-149.824602"
"02/28/2023","AQS","020200018","1","0.8","ppm","9","GARDEN/TRINITY CHRISTIAN CHURCH","24","100.0000","42101","Carbon monoxide","554","11260","Anchorage, AK","02","Alaska","020","Anchorage","61.2058610007956","-149.824602"
"03/01/2023","AQS","020200018","1","0.2","ppm","2","GARDEN/TRINITY CHRISTIAN CHURCH","24","100.0000","42101","Carbon monoxide","554","11260","Anchorage, AK","02","Alaska","020","Anchorage","61.2058610007956","-149.824602"
"03/02/2023","AQS","020200018","1","0.2","ppm","2","GARDEN/TRINITY CHRISTIAN CHURCH","24","100.0000","42101","Carbon monoxide","554","11260","Anchorage, AK","02","Alaska","020","Anchorage","61.2058610007956","-149.824602"
"03/03/2023","AQS","020200018","1","0.3","ppm","3","GARDEN/TRINITY CHRISTIAN CHURCH","24","100.0000","42101","Carbon monoxide","554","11260","Anchorage, AK","02","Alaska","020","Anchorage","61.2058610007956","-149.824602"
"03/04/2023","AQS","020200018","1","1","ppm","11","GARDEN/TRINITY CHRISTIAN CHURCH","24","100.0000","42101","Carbon monoxide","554","11260","Anchorage, AK","02","Alaska","020","Anchorage","61.2058610007956","-149.824602"
"03/05/2023","AQS","020200018","1","1.1","ppm","13","GARDEN/TRINITY CHRISTIAN CHURCH","24","100.0000","42101","Carbon monoxide","554","11260","Anchorage, AK","02","Alaska","020","Anchorage","61.2058610007956","-149.824602"
"03/06/2023","AQS","020200018","1","1.6","ppm","18","GARDEN/TRINITY CHRISTIAN CHURCH","24","100.0000","42101","Carbon monoxide","554","11260","Anchorage, AK","02","Alaska","020","Anchorage","61.2058610007956","-149.824602"
"03/07/2023","AQS","020200018","1","1.6","ppm","18","GARDEN/TRINITY CHRISTIAN CHURCH","24","100.0000","42101","Carbon monoxide","554","11260","Anchorage, AK","02","Alaska","020","Anchorage","61.2058610007956","-149.824602"
"03/08/2023","AQS","020200018","1","1.7","ppm","19","GARDEN/TRINITY CHRISTIAN CHURCH","24","100.0000","42101","Carbon monoxide","554","11260","Anchorage, AK","02","Alaska","020","Anchorage","61.2058610007956","-149.824602"
"03/09/2023","AQS","020200018","1","1.3","ppm","15","GARDEN/TRINITY CHRISTIAN CHURCH","24","100.0000","42101","Carbon monoxide","554","11260","Anchorage, AK","02","Alaska","020","Anchorage","61.2058610007956","-149.824602"
"03/10/2023","AQS","020200018","1","0.5","ppm","6","GARDEN/TRINITY CHRISTIAN CHURCH","24","100.0000","42101","Carbon monoxide","554","11260","Anchorage, AK","02","Alaska","020","Anchorage","61.2058610007956","-149.824602"
"03/11/2023","AQS","020200018","1","0.7","ppm","8","GARDEN/TRINITY CHRISTIAN CHURCH","24","100.0000","42101","Carbon monoxide","554","11260","Anchorage, AK","02","Alaska","020","Anchorage","61.2058610007956","-149.824602"
"03/12/2023","AQS","020200018","1","1","ppm","11","GARDEN/TRINITY CHRISTIAN CHURCH","24","100.0000","42101","Carbon monoxide","554","11260","Anchorage, AK","02","Alaska","020","Anchorage","61.2058610007956","-149.824602"
"03/13/2023","AQS","020200018","1","0.5","ppm","6","GARDEN/TRINITY CHRISTIAN CHURCH","24","100.0000","42101","Carbon monoxide","554","11260","Anchorage, AK","02","Alaska","020","Anchorage","61.2058610007956","-149.824602"
"03/14/2023","AQS","020200018","1","1.1","ppm","13","GARDEN/TRINITY CHRISTIAN CHURCH","16","67.0000","42101","Carbon monoxide","554","11260","Anchorage, AK","02","Alaska","020","Anchorage","61.2058610007956","-149.824602"
"03/15/2023","AQS","020200018","1","0.3","ppm","3","GARDEN/TRINITY CHRISTIAN CHURCH","24","100.0000","42101","Carbon monoxide","554","11260","Anchorage, AK","02","Alaska","020","Anchorage","61.2058610007956","-149.824602"
"03/16/2023","AQS","020200018","1","1","ppm","11","GARDEN/TRINITY CHRISTIAN CHURCH","24","100.0000","42101","Carbon monoxide","554","11260","Anchorage, AK","02","Alaska","020","Anchorage","61.2058610007956","-149.824602"
"03/17/2023","AQS","020200018","1","0.6","ppm","7","GARDEN/TRINITY CHRISTIAN CHURCH","24","100.0000","42101","Carbon monoxide","554","11260","Anchorage, AK","02","Alaska","020","Anchorage","61.2058610007956","-149.824602"
"03/18/2023","AQS","020200018","1","0.2","ppm","2","GARDEN/TRINITY CHRISTIAN CHURCH","24","100.0000","42101","Carbon monoxide","554","11260","Anchorage, AK","02","Alaska","020","Anchorage","61.2058610007956","-149.824602"
"03/19/2023","AQS","020200018","1","0.6","ppm","7","GARDEN/TRINITY CHRISTIAN CHURCH","24","100.0000","42101","Carbon monoxide","554","11260","Anchorage, AK","02","Alaska","020","Anchorage","61.2058610007956","-149.824602"
"03/20/2023","AQS","020200018","1","0.9","ppm","10","GARDEN/TRINITY CHRISTIAN CHURCH","24","100.0000","42101","Carbon monoxide","554","11260","Anchorage, AK","02","Alaska","020","Anchorage","61.2058610007956","-149.824602"
"03/21/2023","AQS","020200018","1","0.3","ppm","3","GARDEN/TRINITY CHRISTIAN CHURCH","24","100.0000","42101","Carbon monoxide","554","11260","Anchorage, AK","02","Alaska","020","Anchorage","61.2058610007956","-149.824602"
"03/22/2023","AQS","020200018","1","0.5","ppm","6","GARDEN/TRINITY CHRISTIAN CHURCH","24","100.0000","42101","Carbon monoxide","554","11260","Anchorage, AK","02","Alaska","020","Anchorage","61.2058610007956","-149.824602"
"03/23/2023","AQS","020200018","1","0.3","ppm","3","GARDEN/TRINITY CHRISTIAN CHURCH","24","100.0000","42101","Carbon monoxide","554","11260","Anchorage, AK","02","Alaska","020","Anchorage","61.2058610007956","-149.824602"
"03/24/2023","AQS","020200018","1","0.3","ppm","3","GARDEN/TRINITY CHRISTIAN CHURCH","24","100.0000","42101","Carbon monoxide","554","11260","Anchorage, AK","02","Alaska","020","Anchorage","61.2058610007956","-149.824602"
"03/25/2023","AQS","020200018","1","0.4","ppm","5","GARDEN/TRINITY CHRISTIAN CHURCH","24","100.0000","42101","Carbon monoxide","554","11260","Anchorage, AK","02","Alaska","020","Anchorage","61.2058610007956","-149.824602"
"03/26/2023","AQS","020200018","1","0.6","ppm","7","GARDEN/TRINITY CHRISTIAN CHURCH","24","100.0000","42101","Carbon monoxide","554","11260","Anchorage, AK","02","Alaska","020","Anchorage","61.2058610007956","-149.824602"
"03/27/2023","AQS","020200018","1","0.6","ppm","7","GARDEN/TRINITY CHRISTIAN CHURCH","24","100.0000","42101","Carbon monoxide","554","11260","Anchorage, AK","02","Alaska","020","Anchorage","61.2058610007956","-149.824602"
"03/28/2023","AQS","020200018","1","0.2","ppm","2","GARDEN/TRINITY CHRISTIAN CHURCH","24","100.0000","42101","Carbon monoxide","554","11260","Anchorage, AK","02","Alaska","020","Anchorage","61.2058610007956","-149.824602"
"03/29/2023","AQS","020200018","1","0.8","ppm","9","GARDEN/TRINITY CHRISTIAN CHURCH","24","100.0000","42101","Carbon monoxide","554","11260","Anchorage, AK","02","Alaska","020","Anchorage","61.2058610007956","-149.824602"
"03/30/2023","AQS","020200018","1","0.2","ppm","2","GARDEN/TRINITY CHRISTIAN CHURCH","24","100.0000","42101","Carbon monoxide","554","11260","Anchorage, AK","02","Alaska","020","Anchorage","61.2058610007956","-149.824602"
"03/31/2023","AQS","020200018","1","0.3","ppm","3","GARDEN/TRINITY CHRISTIAN CHURCH","15","63.0000","42101","Carbon monoxide","554","11260","Anchorage, AK","02","Alaska","020","Anchorage","61.2058610007956","-149.824602"
"04/01/2023","AQS","020200018","1","0.3","ppm","3","GARDEN/TRINITY CHRISTIAN CHURCH","24","100.0000","42101","Carbon monoxide","554","11260","Anchorage, AK","02","Alaska","020","Anchorage","61.2058610007956","-149.824602"
"04/02/2023","AQS","020200018","1","0.3","ppm","3","GARDEN/TRINITY CHRISTIAN CHURCH","24","100.0000","42101","Carbon monoxide","554","11260","Anchorage, AK","02","Alaska","020","Anchorage","61.2058610007956","-149.824602"
"04/03/2023","AQS","020200018","1","0.8","ppm","9","GARDEN/TRINITY CHRISTIAN CHURCH","24","100.0000","42101","Carbon monoxide","554","11260","Anchorage, AK","02","Alaska","020","Anchorage","61.2058610007956","-149.824602"
"04/04/2023","AQS","020200018","1","0.3","ppm","3","GARDEN/TRINITY CHRISTIAN CHURCH","24","100.0000","42101","Carbon monoxide","554","11260","Anchorage, AK","02","Alaska","020","Anchorage","61.2058610007956","-149.824602"
"04/05/2023","AQS","020200018","1","0.3","ppm","3","GARDEN/TRINITY CHRISTIAN CHURCH","24","100.0000","42101","Carbon monoxide","554","11260","Anchorage, AK","02","Alaska","020","Anchorage","61.2058610007956","-149.824602"
"04/06/2023","AQS","020200018","1","0.2","ppm","2","GARDEN/TRINITY CHRISTIAN CHURCH","24","100.0000","42101","Carbon monoxide","554","11260","Anchorage, AK","02","Alaska","020","Anchorage","61.2058610007956","-149.824602"
"04/07/2023","AQS","020200018","1","0.3","ppm","3","GARDEN/TRINITY CHRISTIAN CHURCH","24","100.0000","42101","Carbon monoxide","554","11260","Anchorage, AK","02","Alaska","020","Anchorage","61.2058610007956","-149.824602"
"04/08/2023","AQS","020200018","1","0.2","ppm","2","GARDEN/TRINITY CHRISTIAN CHURCH","24","100.0000","42101","Carbon monoxide","554","11260","Anchorage, AK","02","Alaska","020","Anchorage","61.2058610007956","-149.824602"
"04/09/2023","AQS","020200018","1","0.2","ppm","2","GARDEN/TRINITY CHRISTIAN CHURCH","24","100.0000","42101","Carbon monoxide","554","11260","Anchorage, AK","02","Alaska","020","Anchorage","61.2058610007956","-149.824602"
"04/10/2023","AQS","020200018","1","0.2","ppm","2","GARDEN/TRINITY CHRISTIAN CHURCH","24","100.0000","42101","Carbon monoxide","554","11260","Anchorage, AK","02","Alaska","020","Anchorage","61.2058610007956","-149.824602"
"04/11/2023","AQS","020200018","1","0.3","ppm","3","GARDEN/TRINITY CHRISTIAN CHURCH","24","100.0000","42101","Carbon monoxide","554","11260","Anchorage, AK","02","Alaska","020","Anchorage","61.2058610007956","-149.824602"
"04/12/2023","AQS","020200018","1","0.2","ppm","2","GARDEN/TRINITY CHRISTIAN CHURCH","24","100.0000","42101","Carbon monoxide","554","11260","Anchorage, AK","02","Alaska","020","Anchorage","61.2058610007956","-149.824602"
"04/13/2023","AQS","020200018","1","0.2","ppm","2","GARDEN/TRINITY CHRISTIAN CHURCH","24","100.0000","42101","Carbon monoxide","554","11260","Anchorage, AK","02","Alaska","020","Anchorage","61.2058610007956","-149.824602"
"04/14/2023","AQS","020200018","1","0.2","ppm","2","GARDEN/TRINITY CHRISTIAN CHURCH","10","42.0000","42101","Carbon monoxide","554","11260","Anchorage, AK","02","Alaska","020","Anchorage","61.2058610007956","-149.824602"
"04/18/2023","AQS","020200018","1","0.3","ppm","3","GARDEN/TRINITY CHRISTIAN CHURCH","22","92.0000","42101","Carbon monoxide","554","11260","Anchorage, AK","02","Alaska","020","Anchorage","61.2058610007956","-149.824602"
"04/19/2023","AQS","020200018","1","0.6","ppm","7","GARDEN/TRINITY CHRISTIAN CHURCH","24","100.0000","42101","Carbon monoxide","554","11260","Anchorage, AK","02","Alaska","020","Anchorage","61.2058610007956","-149.824602"
"04/20/2023","AQS","020200018","1","0.8","ppm","9","GARDEN/TRINITY CHRISTIAN CHURCH","24","100.0000","42101","Carbon monoxide","554","11260","Anchorage, AK","02","Alaska","020","Anchorage","61.2058610007956","-149.824602"
"04/21/2023","AQS","020200018","1","0.8","ppm","9","GARDEN/TRINITY CHRISTIAN CHURCH","24","100.0000","42101","Carbon monoxide","554","11260","Anchorage, AK","02","Alaska","020","Anchorage","61.2058610007956","-149.824602"
"04/22/2023","AQS","020200018","1","0.6","ppm","7","GARDEN/TRINITY CHRISTIAN CHURCH","24","100.0000","42101","Carbon monoxide","554","11260","Anchorage, AK","02","Alaska","020","Anchorage","61.2058610007956","-149.824602"
"04/23/2023","AQS","020200018","1","0.2","ppm","2","GARDEN/TRINITY CHRISTIAN CHURCH","24","100.0000","42101","Carbon monoxide","554","11260","Anchorage, AK","02","Alaska","020","Anchorage","61.2058610007956","-149.824602"
"04/24/2023","AQS","020200018","1","0.3","ppm","3","GARDEN/TRINITY CHRISTIAN CHURCH","24","100.0000","42101","Carbon monoxide","554","11260","Anchorage, AK","02","Alaska","020","Anchorage","61.2058610007956","-149.824602"
"04/25/2023","AQS","020200018","1","0.6","ppm","7","GARDEN/TRINITY CHRISTIAN CHURCH","24","100.0000","42101","Carbon monoxide","554","11260","Anchorage, AK","02","Alaska","020","Anchorage","61.2058610007956","-149.824602"
"04/26/2023","AQS","020200018","1","0.5","ppm","6","GARDEN/TRINITY CHRISTIAN CHURCH","24","100.0000","42101","Carbon monoxide","554","11260","Anchorage, AK","02","Alaska","020","Anchorage","61.2058610007956","-149.824602"
"04/27/2023","AQS","020200018","1","0.4","ppm","5","GARDEN/TRINITY CHRISTIAN CHURCH","24","100.0000","42101","Carbon monoxide","554","11260","Anchorage, AK","02","Alaska","020","Anchorage","61.2058610007956","-149.824602"
"04/28/2023","AQS","020200018","1","0.2","ppm","2","GARDEN/TRINITY CHRISTIAN CHURCH","24","100.0000","42101","Carbon monoxide","554","11260","Anchorage, AK","02","Alaska","020","Anchorage","61.2058610007956","-149.824602"
"04/29/2023","AQS","020200018","1","0.3","ppm","3","GARDEN/TRINITY CHRISTIAN CHURCH","24","100.0000","42101","Carbon monoxide","554","11260","Anchorage, AK","02","Alaska","020","Anchorage","61.2058610007956","-149.824602"
"04/30/2023","AQS","020200018","1","0.2","ppm","2","GARDEN/TRINITY CHRISTIAN CHURCH","24","100.0000","42101","Carbon monoxide","554","11260","Anchorage, AK","02","Alaska","020","Anchorage","61.2058610007956","-149.824602"
"05/01/2023","AQS","020200018","1","0.2","ppm","2","GARDEN/TRINITY CHRISTIAN CHURCH","24","100.0000","42101","Carbon monoxide","554","11260","Anchorage, AK","02","Alaska","020","Anchorage","61.2058610007956","-149.824602"
"05/02/2023","AQS","020200018","1","0.2","ppm","2","GARDEN/TRINITY CHRISTIAN CHURCH","24","100.0000","42101","Carbon monoxide","554","11260","Anchorage, AK","02","Alaska","020","Anchorage","61.2058610007956","-149.824602"
"05/03/2023","AQS","020200018","1","0.2","ppm","2","GARDEN/TRINITY CHRISTIAN CHURCH","24","100.0000","42101","Carbon monoxide","554","11260","Anchorage, AK","02","Alaska","020","Anchorage","61.2058610007956","-149.824602"
"05/04/2023","AQS","020200018","1","0.2","ppm","2","GARDEN/TRINITY CHRISTIAN CHURCH","24","100.0000","42101","Carbon monoxide","554","11260","Anchorage, AK","02","Alaska","020","Anchorage","61.2058610007956","-149.824602"
"05/05/2023","AQS","020200018","1","0.4","ppm","5","GARDEN/TRINITY CHRISTIAN CHURCH","24","100.0000","42101","Carbon monoxide","554","11260","Anchorage, AK","02","Alaska","020","Anchorage","61.2058610007956","-149.824602"
"05/06/2023","AQS","020200018","1","0.4","ppm","5","GARDEN/TRINITY CHRISTIAN CHURCH","24","100.0000","42101","Carbon monoxide","554","11260","Anchorage, AK","02","Alaska","020","Anchorage","61.2058610007956","-149.824602"
"05/07/2023","AQS","020200018","1","0.3","ppm","3","GARDEN/TRINITY CHRISTIAN CHURCH","24","100.0000","42101","Carbon monoxide","554","11260","Anchorage, AK","02","Alaska","020","Anchorage","61.2058610007956","-149.824602"
"05/08/2023","AQS","020200018","1","0.4","ppm","5","GARDEN/TRINITY CHRISTIAN CHURCH","24","100.0000","42101","Carbon monoxide","554","11260","Anchorage, AK","02","Alaska","020","Anchorage","61.2058610007956","-149.824602"
"05/09/2023","AQS","020200018","1","0.2","ppm","2","GARDEN/TRINITY CHRISTIAN CHURCH","24","100.0000","42101","Carbon monoxide","554","11260","Anchorage, AK","02","Alaska","020","Anchorage","61.2058610007956","-149.824602"
"05/10/2023","AQS","020200018","1","0.2","ppm","2","GARDEN/TRINITY CHRISTIAN CHURCH","24","100.0000","42101","Carbon monoxide","554","11260","Anchorage, AK","02","Alaska","020","Anchorage","61.2058610007956","-149.824602"
"05/11/2023","AQS","020200018","1","0.2","ppm","2","GARDEN/TRINITY CHRISTIAN CHURCH","24","100.0000","42101","Carbon monoxide","554","11260","Anchorage, AK","02","Alaska","020","Anchorage","61.2058610007956","-149.824602"
"05/12/2023","AQS","020200018","1","0.3","ppm","3","GARDEN/TRINITY CHRISTIAN CHURCH","24","100.0000","42101","Carbon monoxide","554","11260","Anchorage, AK","02","Alaska","020","Anchorage","61.2058610007956","-149.824602"
"05/13/2023","AQS","020200018","1","0.2","ppm","2","GARDEN/TRINITY CHRISTIAN CHURCH","24","100.0000","42101","Carbon monoxide","554","11260","Anchorage, AK","02","Alaska","020","Anchorage","61.2058610007956","-149.824602"
"05/14/2023","AQS","020200018","1","0.3","ppm","3","GARDEN/TRINITY CHRISTIAN CHURCH","24","100.0000","42101","Carbon monoxide","554","11260","Anchorage, AK","02","Alaska","020","Anchorage","61.2058610007956","-149.824602"
"05/15/2023","AQS","020200018","1","0.2","ppm","2","GARDEN/TRINITY CHRISTIAN CHURCH","24","100.0000","42101","Carbon monoxide","554","11260","Anchorage, AK","02","Alaska","020","Anchorage","61.2058610007956","-149.824602"
"05/16/2023","AQS","020200018","1","0.3","ppm","3","GARDEN/TRINITY CHRISTIAN CHURCH","24","100.0000","42101","Carbon monoxide","554","11260","Anchorage, AK","02","Alaska","020","Anchorage","61.2058610007956","-149.824602"
"05/17/2023","AQS","020200018","1","0.4","ppm","5","GARDEN/TRINITY CHRISTIAN CHURCH","24","100.0000","42101","Carbon monoxide","554","11260","Anchorage, AK","02","Alaska","020","Anchorage","61.2058610007956","-149.824602"
"05/18/2023","AQS","020200018","1","0.3","ppm","3","GARDEN/TRINITY CHRISTIAN CHURCH","24","100.0000","42101","Carbon monoxide","554","11260","Anchorage, AK","02","Alaska","020","Anchorage","61.2058610007956","-149.824602"
"05/19/2023","AQS","020200018","1","0.5","ppm","6","GARDEN/TRINITY CHRISTIAN CHURCH","24","100.0000","42101","Carbon monoxide","554","11260","Anchorage, AK","02","Alaska","020","Anchorage","61.2058610007956","-149.824602"
"05/20/2023","AQS","020200018","1","0.3","ppm","3","GARDEN/TRINITY CHRISTIAN CHURCH","24","100.0000","42101","Carbon monoxide","554","11260","Anchorage, AK","02","Alaska","020","Anchorage","61.2058610007956","-149.824602"
"05/21/2023","AQS","020200018","1","0.2","ppm","2","GARDEN/TRINITY CHRISTIAN CHURCH","24","100.0000","42101","Carbon monoxide","554","11260","Anchorage, AK","02","Alaska","020","Anchorage","61.2058610007956","-149.824602"
"05/22/2023","AQS","020200018","1","0.3","ppm","3","GARDEN/TRINITY CHRISTIAN CHURCH","24","100.0000","42101","Carbon monoxide","554","11260","Anchorage, AK","02","Alaska","020","Anchorage","61.2058610007956","-149.824602"
"05/23/2023","AQS","020200018","1","0.2","ppm","2","GARDEN/TRINITY CHRISTIAN CHURCH","24","100.0000","42101","Carbon monoxide","554","11260","Anchorage, AK","02","Alaska","020","Anchorage","61.2058610007956","-149.824602"
"05/24/2023","AQS","020200018","1","0.2","ppm","2","GARDEN/TRINITY CHRISTIAN CHURCH","24","100.0000","42101","Carbon monoxide","554","11260","Anchorage, AK","02","Alaska","020","Anchorage","61.2058610007956","-149.824602"
"05/25/2023","AQS","020200018","1","0.3","ppm","3","GARDEN/TRINITY CHRISTIAN CHURCH","24","100.0000","42101","Carbon monoxide","554","11260","Anchorage, AK","02","Alaska","020","Anchorage","61.2058610007956","-149.824602"
"05/26/2023","AQS","020200018","1","0.3","ppm","3","GARDEN/TRINITY CHRISTIAN CHURCH","24","100.0000","42101","Carbon monoxide","554","11260","Anchorage, AK","02","Alaska","020","Anchorage","61.2058610007956","-149.824602"
"05/27/2023","AQS","020200018","1","0.2","ppm","2","GARDEN/TRINITY CHRISTIAN CHURCH","24","100.0000","42101","Carbon monoxide","554","11260","Anchorage, AK","02","Alaska","020","Anchorage","61.2058610007956","-149.824602"
"05/28/2023","AQS","020200018","1","0.4","ppm","5","GARDEN/TRINITY CHRISTIAN CHURCH","24","100.0000","42101","Carbon monoxide","554","11260","Anchorage, AK","02","Alaska","020","Anchorage","61.2058610007956","-149.824602"
"05/29/2023","AQS","020200018","1","0.2","ppm","2","GARDEN/TRINITY CHRISTIAN CHURCH","24","100.0000","42101","Carbon monoxide","554","11260","Anchorage, AK","02","Alaska","020","Anchorage","61.2058610007956","-149.824602"
"05/30/2023","AQS","020200018","1","0.2","ppm","2","GARDEN/TRINITY CHRISTIAN CHURCH","24","100.0000","42101","Carbon monoxide","554","11260","Anchorage, AK","02","Alaska","020","Anchorage","61.2058610007956","-149.824602"
"05/31/2023","AQS","020200018","1","0.2","ppm","2","GARDEN/TRINITY CHRISTIAN CHURCH","24","100.0000","42101","Carbon monoxide","554","11260","Anchorage, AK","02","Alaska","020","Anchorage","61.2058610007956","-149.824602"
"06/01/2023","AQS","020200018","1","0.2","ppm","2","GARDEN/TRINITY CHRISTIAN CHURCH","24","100.0000","42101","Carbon monoxide","554","11260","Anchorage, AK","02","Alaska","020","Anchorage","61.2058610007956","-149.824602"
"06/02/2023","AQS","020200018","1","0.2","ppm","2","GARDEN/TRINITY CHRISTIAN CHURCH","24","100.0000","42101","Carbon monoxide","554","11260","Anchorage, AK","02","Alaska","020","Anchorage","61.2058610007956","-149.824602"
"06/03/2023","AQS","020200018","1","0.2","ppm","2","GARDEN/TRINITY CHRISTIAN CHURCH","24","100.0000","42101","Carbon monoxide","554","11260","Anchorage, AK","02","Alaska","020","Anchorage","61.2058610007956","-149.824602"
"06/04/2023","AQS","020200018","1","0.2","ppm","2","GARDEN/TRINITY CHRISTIAN CHURCH","24","100.0000","42101","Carbon monoxide","554","11260","Anchorage, AK","02","Alaska","020","Anchorage","61.2058610007956","-149.824602"
"06/05/2023","AQS","020200018","1","0.3","ppm","3","GARDEN/TRINITY CHRISTIAN CHURCH","24","100.0000","42101","Carbon monoxide","554","11260","Anchorage, AK","02","Alaska","020","Anchorage","61.2058610007956","-149.824602"
"06/06/2023","AQS","020200018","1","0.2","ppm","2","GARDEN/TRINITY CHRISTIAN CHURCH","24","100.0000","42101","Carbon monoxide","554","11260","Anchorage, AK","02","Alaska","020","Anchorage","61.2058610007956","-149.824602"
"06/07/2023","AQS","020200018","1","0.2","ppm","2","GARDEN/TRINITY CHRISTIAN CHURCH","18","75.0000","42101","Carbon monoxide","554","11260","Anchorage, AK","02","Alaska","020","Anchorage","61.2058610007956","-149.824602"
"06/08/2023","AQS","020200018","1","0.4","ppm","5","GARDEN/TRINITY CHRISTIAN CHURCH","24","100.0000","42101","Carbon monoxide","554","11260","Anchorage, AK","02","Alaska","020","Anchorage","61.2058610007956","-149.824602"
"06/09/2023","AQS","020200018","1","0.4","ppm","5","GARDEN/TRINITY CHRISTIAN CHURCH","24","100.0000","42101","Carbon monoxide","554","11260","Anchorage, AK","02","Alaska","020","Anchorage","61.2058610007956","-149.824602"
"06/10/2023","AQS","020200018","1","0.4","ppm","5","GARDEN/TRINITY CHRISTIAN CHURCH","24","100.0000","42101","Carbon monoxide","554","11260","Anchorage, AK","02","Alaska","020","Anchorage","61.2058610007956","-149.824602"
"06/11/2023","AQS","020200018","1","0.4","ppm","5","GARDEN/TRINITY CHRISTIAN CHURCH","24","100.0000","42101","Carbon monoxide","554","11260","Anchorage, AK","02","Alaska","020","Anchorage","61.2058610007956","-149.824602"
"06/12/2023","AQS","020200018","1","0.4","ppm","5","GARDEN/TRINITY CHRISTIAN CHURCH","24","100.0000","42101","Carbon monoxide","554","11260","Anchorage, AK","02","Alaska","020","Anchorage","61.2058610007956","-149.824602"
"06/13/2023","AQS","020200018","1","0.3","ppm","3","GARDEN/TRINITY CHRISTIAN CHURCH","17","71.0000","42101","Carbon monoxide","554","11260","Anchorage, AK","02","Alaska","020","Anchorage","61.2058610007956","-149.824602"
"06/14/2023","AQS","020200018","1","0.4","ppm","5","GARDEN/TRINITY CHRISTIAN CHURCH","24","100.0000","42101","Carbon monoxide","554","11260","Anchorage, AK","02","Alaska","020","Anchorage","61.2058610007956","-149.824602"
"06/15/2023","AQS","020200018","1","0.5","ppm","6","GARDEN/TRINITY CHRISTIAN CHURCH","24","100.0000","42101","Carbon monoxide","554","11260","Anchorage, AK","02","Alaska","020","Anchorage","61.2058610007956","-149.824602"
"06/16/2023","AQS","020200018","1","0.4","ppm","5","GARDEN/TRINITY CHRISTIAN CHURCH","24","100.0000","42101","Carbon monoxide","554","11260","Anchorage, AK","02","Alaska","020","Anchorage","61.2058610007956","-149.824602"
"06/17/2023","AQS","020200018","1","0.4","ppm","5","GARDEN/TRINITY CHRISTIAN CHURCH","24","100.0000","42101","Carbon monoxide","554","11260","Anchorage, AK","02","Alaska","020","Anchorage","61.2058610007956","-149.824602"
"06/18/2023","AQS","020200018","1","0.5","ppm","6","GARDEN/TRINITY CHRISTIAN CHURCH","21","88.0000","42101","Carbon monoxide","554","11260","Anchorage, AK","02","Alaska","020","Anchorage","61.2058610007956","-149.824602"
"06/19/2023","AQS","020200018","1","0.3","ppm","3","GARDEN/TRINITY CHRISTIAN CHURCH","6","25.0000","42101","Carbon monoxide","554","11260","Anchorage, AK","02","Alaska","020","Anchorage","61.2058610007956","-149.824602"
"06/20/2023","AQS","020200018","1","0.3","ppm","3","GARDEN/TRINITY CHRISTIAN CHURCH","17","71.0000","42101","Carbon monoxide","554","11260","Anchorage, AK","02","Alaska","020","Anchorage","61.2058610007956","-149.824602"
"06/21/2023","AQS","020200018","1","0.3","ppm","3","GARDEN/TRINITY CHRISTIAN CHURCH","24","100.0000","42101","Carbon monoxide","554","11260","Anchorage, AK","02","Alaska","020","Anchorage","61.2058610007956","-149.824602"
"06/22/2023","AQS","020200018","1","0.3","ppm","3","GARDEN/TRINITY CHRISTIAN CHURCH","24","100.0000","42101","Carbon monoxide","554","11260","Anchorage, AK","02","Alaska","020","Anchorage","61.2058610007956","-149.824602"
"06/23/2023","AQS","020200018","1","0.4","ppm","5","GARDEN/TRINITY CHRISTIAN CHURCH","24","100.0000","42101","Carbon monoxide","554","11260","Anchorage, AK","02","Alaska","020","Anchorage","61.2058610007956","-149.824602"
"06/24/2023","AQS","020200018","1","0.3","ppm","3","GARDEN/TRINITY CHRISTIAN CHURCH","13","54.0000","42101","Carbon monoxide","554","11260","Anchorage, AK","02","Alaska","020","Anchorage","61.2058610007956","-149.824602"
"06/25/2023","AQS","020200018","1","0.2","ppm","2","GARDEN/TRINITY CHRISTIAN CHURCH","9","38.0000","42101","Carbon monoxide","554","11260","Anchorage, AK","02","Alaska","020","Anchorage","61.2058610007956","-149.824602"
"06/26/2023","AQS","020200018","1","0.2","ppm","2","GARDEN/TRINITY CHRISTIAN CHURCH","19","79.0000","42101","Carbon monoxide","554","11260","Anchorage, AK","02","Alaska","020","Anchorage","61.2058610007956","-149.824602"
"06/27/2023","AQS","020200018","1","0.2","ppm","2","GARDEN/TRINITY CHRISTIAN CHURCH","24","100.0000","42101","Carbon monoxide","554","11260","Anchorage, AK","02","Alaska","020","Anchorage","61.2058610007956","-149.824602"
"06/28/2023","AQS","020200018","1","0.2","ppm","2","GARDEN/TRINITY CHRISTIAN CHURCH","24","100.0000","42101","Carbon monoxide","554","11260","Anchorage, AK","02","Alaska","020","Anchorage","61.2058610007956","-149.824602"
"06/29/2023","AQS","020200018","1","0.2","ppm","2","GARDEN/TRINITY CHRISTIAN CHURCH","24","100.0000","42101","Carbon monoxide","554","11260","Anchorage, AK","02","Alaska","020","Anchorage","61.2058610007956","-149.824602"
"06/30/2023","AQS","020200018","1","0.2","ppm","2","GARDEN/TRINITY CHRISTIAN CHURCH","24","100.0000","42101","Carbon monoxide","554","11260","Anchorage, AK","02","Alaska","020","Anchorage","61.2058610007956","-149.824602"
"07/01/2023","AQS","020200018","1","0.2","ppm","2","GARDEN/TRINITY CHRISTIAN CHURCH","24","100.0000","42101","Carbon monoxide","554","11260","Anchorage, AK","02","Alaska","020","Anchorage","61.2058610007956","-149.824602"
"07/02/2023","AQS","020200018","1","0.2","ppm","2","GARDEN/TRINITY CHRISTIAN CHURCH","24","100.0000","42101","Carbon monoxide","554","11260","Anchorage, AK","02","Alaska","020","Anchorage","61.2058610007956","-149.824602"
"07/03/2023","AQS","020200018","1","0.2","ppm","2","GARDEN/TRINITY CHRISTIAN CHURCH","24","100.0000","42101","Carbon monoxide","554","11260","Anchorage, AK","02","Alaska","020","Anchorage","61.2058610007956","-149.824602"
"07/04/2023","AQS","020200018","1","0.3","ppm","3","GARDEN/TRINITY CHRISTIAN CHURCH","24","100.0000","42101","Carbon monoxide","554","11260","Anchorage, AK","02","Alaska","020","Anchorage","61.2058610007956","-149.824602"
"07/05/2023","AQS","020200018","1","0.2","ppm","2","GARDEN/TRINITY CHRISTIAN CHURCH","24","100.0000","42101","Carbon monoxide","554","11260","Anchorage, AK","02","Alaska","020","Anchorage","61.2058610007956","-149.824602"
"07/06/2023","AQS","020200018","1","0.2","ppm","2","GARDEN/TRINITY CHRISTIAN CHURCH","24","100.0000","42101","Carbon monoxide","554","11260","Anchorage, AK","02","Alaska","020","Anchorage","61.2058610007956","-149.824602"
"07/07/2023","AQS","020200018","1","0.2","ppm","2","GARDEN/TRINITY CHRISTIAN CHURCH","24","100.0000","42101","Carbon monoxide","554","11260","Anchorage, AK","02","Alaska","020","Anchorage","61.2058610007956","-149.824602"
"07/08/2023","AQS","020200018","1","0.2","ppm","2","GARDEN/TRINITY CHRISTIAN CHURCH","24","100.0000","42101","Carbon monoxide","554","11260","Anchorage, AK","02","Alaska","020","Anchorage","61.2058610007956","-149.824602"
"07/09/2023","AQS","020200018","1","0.2","ppm","2","GARDEN/TRINITY CHRISTIAN CHURCH","24","100.0000","42101","Carbon monoxide","554","11260","Anchorage, AK","02","Alaska","020","Anchorage","61.2058610007956","-149.824602"
"07/10/2023","AQS","020200018","1","0.2","ppm","2","GARDEN/TRINITY CHRISTIAN CHURCH","24","100.0000","42101","Carbon monoxide","554","11260","Anchorage, AK","02","Alaska","020","Anchorage","61.2058610007956","-149.824602"
"07/11/2023","AQS","020200018","1","0.2","ppm","2","GARDEN/TRINITY CHRISTIAN CHURCH","24","100.0000","42101","Carbon monoxide","554","11260","Anchorage, AK","02","Alaska","020","Anchorage","61.2058610007956","-149.824602"
"07/12/2023","AQS","020200018","1","0.2","ppm","2","GARDEN/TRINITY CHRISTIAN CHURCH","24","100.0000","42101","Carbon monoxide","554","11260","Anchorage, AK","02","Alaska","020","Anchorage","61.2058610007956","-149.824602"
"07/13/2023","AQS","020200018","1","0.4","ppm","5","GARDEN/TRINITY CHRISTIAN CHURCH","18","75.0000","42101","Carbon monoxide","554","11260","Anchorage, AK","02","Alaska","020","Anchorage","61.2058610007956","-149.824602"
"07/14/2023","AQS","020200018","1","0.3","ppm","3","GARDEN/TRINITY CHRISTIAN CHURCH","17","71.0000","42101","Carbon monoxide","554","11260","Anchorage, AK","02","Alaska","020","Anchorage","61.2058610007956","-149.824602"
"07/15/2023","AQS","020200018","1","0.2","ppm","2","GARDEN/TRINITY CHRISTIAN CHURCH","24","100.0000","42101","Carbon monoxide","554","11260","Anchorage, AK","02","Alaska","020","Anchorage","61.2058610007956","-149.824602"
"07/16/2023","AQS","020200018","1","0.2","ppm","2","GARDEN/TRINITY CHRISTIAN CHURCH","24","100.0000","42101","Carbon monoxide","554","11260","Anchorage, AK","02","Alaska","020","Anchorage","61.2058610007956","-149.824602"
"07/17/2023","AQS","020200018","1","0.2","ppm","2","GARDEN/TRINITY CHRISTIAN CHURCH","24","100.0000","42101","Carbon monoxide","554","11260","Anchorage, AK","02","Alaska","020","Anchorage","61.2058610007956","-149.824602"
"07/18/2023","AQS","020200018","1","0.3","ppm","3","GARDEN/TRINITY CHRISTIAN CHURCH","24","100.0000","42101","Carbon monoxide","554","11260","Anchorage, AK","02","Alaska","020","Anchorage","61.2058610007956","-149.824602"
"07/19/2023","AQS","020200018","1","0.3","ppm","3","GARDEN/TRINITY CHRISTIAN CHURCH","24","100.0000","42101","Carbon monoxide","554","11260","Anchorage, AK","02","Alaska","020","Anchorage","61.2058610007956","-149.824602"
"07/20/2023","AQS","020200018","1","0.2","ppm","2","GARDEN/TRINITY CHRISTIAN CHURCH","24","100.0000","42101","Carbon monoxide","554","11260","Anchorage, AK","02","Alaska","020","Anchorage","61.2058610007956","-149.824602"
"07/21/2023","AQS","020200018","1","0.3","ppm","3","GARDEN/TRINITY CHRISTIAN CHURCH","24","100.0000","42101","Carbon monoxide","554","11260","Anchorage, AK","02","Alaska","020","Anchorage","61.2058610007956","-149.824602"
"07/22/2023","AQS","020200018","1","0.3","ppm","3","GARDEN/TRINITY CHRISTIAN CHURCH","21","88.0000","42101","Carbon monoxide","554","11260","Anchorage, AK","02","Alaska","020","Anchorage","61.2058610007956","-149.824602"
"07/23/2023","AQS","020200018","1","0.3","ppm","3","GARDEN/TRINITY CHRISTIAN CHURCH","13","54.0000","42101","Carbon monoxide","554","11260","Anchorage, AK","02","Alaska","020","Anchorage","61.2058610007956","-149.824602"
"07/24/2023","AQS","020200018","1","0.3","ppm","3","GARDEN/TRINITY CHRISTIAN CHURCH","17","71.0000","42101","Carbon monoxide","554","11260","Anchorage, AK","02","Alaska","020","Anchorage","61.2058610007956","-149.824602"
"07/25/2023","AQS","020200018","1","0.2","ppm","2","GARDEN/TRINITY CHRISTIAN CHURCH","24","100.0000","42101","Carbon monoxide","554","11260","Anchorage, AK","02","Alaska","020","Anchorage","61.2058610007956","-149.824602"
"07/26/2023","AQS","020200018","1","0.2","ppm","2","GARDEN/TRINITY CHRISTIAN CHURCH","24","100.0000","42101","Carbon monoxide","554","11260","Anchorage, AK","02","Alaska","020","Anchorage","61.2058610007956","-149.824602"
"07/27/2023","AQS","020200018","1","0.2","ppm","2","GARDEN/TRINITY CHRISTIAN CHURCH","24","100.0000","42101","Carbon monoxide","554","11260","Anchorage, AK","02","Alaska","020","Anchorage","61.2058610007956","-149.824602"
"07/28/2023","AQS","020200018","1","0.2","ppm","2","GARDEN/TRINITY CHRISTIAN CHURCH","24","100.0000","42101","Carbon monoxide","554","11260","Anchorage, AK","02","Alaska","020","Anchorage","61.2058610007956","-149.824602"
"07/29/2023","AQS","020200018","1","0.2","ppm","2","GARDEN/TRINITY CHRISTIAN CHURCH","24","100.0000","42101","Carbon monoxide","554","11260","Anchorage, AK","02","Alaska","020","Anchorage","61.2058610007956","-149.824602"
"07/30/2023","AQS","020200018","1","0.2","ppm","2","GARDEN/TRINITY CHRISTIAN CHURCH","24","100.0000","42101","Carbon monoxide","554","11260","Anchorage, AK","02","Alaska","020","Anchorage","61.2058610007956","-149.824602"
"07/31/2023","AQS","020200018","1","0.4","ppm","5","GARDEN/TRINITY CHRISTIAN CHURCH","24","100.0000","42101","Carbon monoxide","554","11260","Anchorage, AK","02","Alaska","020","Anchorage","61.2058610007956","-149.824602"
"08/01/2023","AQS","020200018","1","0.3","ppm","3","GARDEN/TRINITY CHRISTIAN CHURCH","24","100.0000","42101","Carbon monoxide","554","11260","Anchorage, AK","02","Alaska","020","Anchorage","61.2058610007956","-149.824602"
"08/02/2023","AQS","020200018","1","0.3","ppm","3","GARDEN/TRINITY CHRISTIAN CHURCH","24","100.0000","42101","Carbon monoxide","554","11260","Anchorage, AK","02","Alaska","020","Anchorage","61.2058610007956","-149.824602"
"08/03/2023","AQS","020200018","1","0.3","ppm","3","GARDEN/TRINITY CHRISTIAN CHURCH","24","100.0000","42101","Carbon monoxide","554","11260","Anchorage, AK","02","Alaska","020","Anchorage","61.2058610007956","-149.824602"
"08/04/2023","AQS","020200018","1","0.2","ppm","2","GARDEN/TRINITY CHRISTIAN CHURCH","24","100.0000","42101","Carbon monoxide","554","11260","Anchorage, AK","02","Alaska","020","Anchorage","61.2058610007956","-149.824602"
"08/05/2023","AQS","020200018","1","0.3","ppm","3","GARDEN/TRINITY CHRISTIAN CHURCH","24","100.0000","42101","Carbon monoxide","554","11260","Anchorage, AK","02","Alaska","020","Anchorage","61.2058610007956","-149.824602"
"08/06/2023","AQS","020200018","1","0.3","ppm","3","GARDEN/TRINITY CHRISTIAN CHURCH","24","100.0000","42101","Carbon monoxide","554","11260","Anchorage, AK","02","Alaska","020","Anchorage","61.2058610007956","-149.824602"
"08/07/2023","AQS","020200018","1","0.3","ppm","3","GARDEN/TRINITY CHRISTIAN CHURCH","24","100.0000","42101","Carbon monoxide","554","11260","Anchorage, AK","02","Alaska","020","Anchorage","61.2058610007956","-149.824602"
"08/08/2023","AQS","020200018","1","0.3","ppm","3","GARDEN/TRINITY CHRISTIAN CHURCH","24","100.0000","42101","Carbon monoxide","554","11260","Anchorage, AK","02","Alaska","020","Anchorage","61.2058610007956","-149.824602"
"08/09/2023","AQS","020200018","1","0.3","ppm","3","GARDEN/TRINITY CHRISTIAN CHURCH","24","100.0000","42101","Carbon monoxide","554","11260","Anchorage, AK","02","Alaska","020","Anchorage","61.2058610007956","-149.824602"
"08/10/2023","AQS","020200018","1","0.2","ppm","2","GARDEN/TRINITY CHRISTIAN CHURCH","24","100.0000","42101","Carbon monoxide","554","11260","Anchorage, AK","02","Alaska","020","Anchorage","61.2058610007956","-149.824602"
"08/11/2023","AQS","020200018","1","0.5","ppm","6","GARDEN/TRINITY CHRISTIAN CHURCH","24","100.0000","42101","Carbon monoxide","554","11260","Anchorage, AK","02","Alaska","020","Anchorage","61.2058610007956","-149.824602"
"08/12/2023","AQS","020200018","1","0.3","ppm","3","GARDEN/TRINITY CHRISTIAN CHURCH","24","100.0000","42101","Carbon monoxide","554","11260","Anchorage, AK","02","Alaska","020","Anchorage","61.2058610007956","-149.824602"
"08/13/2023","AQS","020200018","1","0.3","ppm","3","GARDEN/TRINITY CHRISTIAN CHURCH","24","100.0000","42101","Carbon monoxide","554","11260","Anchorage, AK","02","Alaska","020","Anchorage","61.2058610007956","-149.824602"
"08/14/2023","AQS","020200018","1","0.3","ppm","3","GARDEN/TRINITY CHRISTIAN CHURCH","24","100.0000","42101","Carbon monoxide","554","11260","Anchorage, AK","02","Alaska","020","Anchorage","61.2058610007956","-149.824602"
"08/15/2023","AQS","020200018","1","0.3","ppm","3","GARDEN/TRINITY CHRISTIAN CHURCH","24","100.0000","42101","Carbon monoxide","554","11260","Anchorage, AK","02","Alaska","020","Anchorage","61.2058610007956","-149.824602"
"08/16/2023","AQS","020200018","1","0.3","ppm","3","GARDEN/TRINITY CHRISTIAN CHURCH","24","100.0000","42101","Carbon monoxide","554","11260","Anchorage, AK","02","Alaska","020","Anchorage","61.2058610007956","-149.824602"
"08/17/2023","AQS","020200018","1","0.3","ppm","3","GARDEN/TRINITY CHRISTIAN CHURCH","24","100.0000","42101","Carbon monoxide","554","11260","Anchorage, AK","02","Alaska","020","Anchorage","61.2058610007956","-149.824602"
"08/18/2023","AQS","020200018","1","0.3","ppm","3","GARDEN/TRINITY CHRISTIAN CHURCH","24","100.0000","42101","Carbon monoxide","554","11260","Anchorage, AK","02","Alaska","020","Anchorage","61.2058610007956","-149.824602"
"08/19/2023","AQS","020200018","1","0.3","ppm","3","GARDEN/TRINITY CHRISTIAN CHURCH","24","100.0000","42101","Carbon monoxide","554","11260","Anchorage, AK","02","Alaska","020","Anchorage","61.2058610007956","-149.824602"
"08/20/2023","AQS","020200018","1","0.3","ppm","3","GARDEN/TRINITY CHRISTIAN CHURCH","24","100.0000","42101","Carbon monoxide","554","11260","Anchorage, AK","02","Alaska","020","Anchorage","61.2058610007956","-149.824602"
"08/21/2023","AQS","020200018","1","0.4","ppm","5","GARDEN/TRINITY CHRISTIAN CHURCH","24","100.0000","42101","Carbon monoxide","554","11260","Anchorage, AK","02","Alaska","020","Anchorage","61.2058610007956","-149.824602"
"08/22/2023","AQS","020200018","1","0.4","ppm","5","GARDEN/TRINITY CHRISTIAN CHURCH","24","100.0000","42101","Carbon monoxide","554","11260","Anchorage, AK","02","Alaska","020","Anchorage","61.2058610007956","-149.824602"
"08/23/2023","AQS","020200018","1","0.4","ppm","5","GARDEN/TRINITY CHRISTIAN CHURCH","24","100.0000","42101","Carbon monoxide","554","11260","Anchorage, AK","02","Alaska","020","Anchorage","61.2058610007956","-149.824602"
"08/24/2023","AQS","020200018","1","0.3","ppm","3","GARDEN/TRINITY CHRISTIAN CHURCH","24","100.0000","42101","Carbon monoxide","554","11260","Anchorage, AK","02","Alaska","020","Anchorage","61.2058610007956","-149.824602"
"08/25/2023","AQS","020200018","1","0.2","ppm","2","GARDEN/TRINITY CHRISTIAN CHURCH","24","100.0000","42101","Carbon monoxide","554","11260","Anchorage, AK","02","Alaska","020","Anchorage","61.2058610007956","-149.824602"
"08/26/2023","AQS","020200018","1","0.2","ppm","2","GARDEN/TRINITY CHRISTIAN CHURCH","24","100.0000","42101","Carbon monoxide","554","11260","Anchorage, AK","02","Alaska","020","Anchorage","61.2058610007956","-149.824602"
"08/27/2023","AQS","020200018","1","0.2","ppm","2","GARDEN/TRINITY CHRISTIAN CHURCH","24","100.0000","42101","Carbon monoxide","554","11260","Anchorage, AK","02","Alaska","020","Anchorage","61.2058610007956","-149.824602"
"08/28/2023","AQS","020200018","1","0.2","ppm","2","GARDEN/TRINITY CHRISTIAN CHURCH","24","100.0000","42101","Carbon monoxide","554","11260","Anchorage, AK","02","Alaska","020","Anchorage","61.2058610007956","-149.824602"
"08/29/2023","AQS","020200018","1","0.4","ppm","5","GARDEN/TRINITY CHRISTIAN CHURCH","24","100.0000","42101","Carbon monoxide","554","11260","Anchorage, AK","02","Alaska","020","Anchorage","61.2058610007956","-149.824602"
"08/30/2023","AQS","020200018","1","0.3","ppm","3","GARDEN/TRINITY CHRISTIAN CHURCH","24","100.0000","42101","Carbon monoxide","554","11260","Anchorage, AK","02","Alaska","020","Anchorage","61.2058610007956","-149.824602"
"08/31/2023","AQS","020200018","1","0.2","ppm","2","GARDEN/TRINITY CHRISTIAN CHURCH","24","100.0000","42101","Carbon monoxide","554","11260","Anchorage, AK","02","Alaska","020","Anchorage","61.2058610007956","-149.824602"
"09/01/2023","AQS","020200018","1","0.2","ppm","2","GARDEN/TRINITY CHRISTIAN CHURCH","18","75.0000","42101","Carbon monoxide","554","11260","Anchorage, AK","02","Alaska","020","Anchorage","61.2058610007956","-149.824602"
"09/02/2023","AQS","020200018","1","0.2","ppm","2","GARDEN/TRINITY CHRISTIAN CHURCH","21","88.0000","42101","Carbon monoxide","554","11260","Anchorage, AK","02","Alaska","020","Anchorage","61.2058610007956","-149.824602"
"09/03/2023","AQS","020200018","1","0.2","ppm","2","GARDEN/TRINITY CHRISTIAN CHURCH","24","100.0000","42101","Carbon monoxide","554","11260","Anchorage, AK","02","Alaska","020","Anchorage","61.2058610007956","-149.824602"
"09/04/2023","AQS","020200018","1","0.3","ppm","3","GARDEN/TRINITY CHRISTIAN CHURCH","24","100.0000","42101","Carbon monoxide","554","11260","Anchorage, AK","02","Alaska","020","Anchorage","61.2058610007956","-149.824602"
"09/05/2023","AQS","020200018","1","0.5","ppm","6","GARDEN/TRINITY CHRISTIAN CHURCH","24","100.0000","42101","Carbon monoxide","554","11260","Anchorage, AK","02","Alaska","020","Anchorage","61.2058610007956","-149.824602"
"09/06/2023","AQS","020200018","1","0.2","ppm","2","GARDEN/TRINITY CHRISTIAN CHURCH","24","100.0000","42101","Carbon monoxide","554","11260","Anchorage, AK","02","Alaska","020","Anchorage","61.2058610007956","-149.824602"
"09/07/2023","AQS","020200018","1","0.4","ppm","5","GARDEN/TRINITY CHRISTIAN CHURCH","24","100.0000","42101","Carbon monoxide","554","11260","Anchorage, AK","02","Alaska","020","Anchorage","61.2058610007956","-149.824602"
"09/08/2023","AQS","020200018","1","0.4","ppm","5","GARDEN/TRINITY CHRISTIAN CHURCH","4","17.0000","42101","Carbon monoxide","554","11260","Anchorage, AK","02","Alaska","020","Anchorage","61.2058610007956","-149.824602"
"09/11/2023","AQS","020200018","1","0.3","ppm","3","GARDEN/TRINITY CHRISTIAN CHURCH","5","21.0000","42101","Carbon monoxide","554","11260","Anchorage, AK","02","Alaska","020","Anchorage","61.2058610007956","-149.824602"
"09/12/2023","AQS","020200018","1","0.5","ppm","6","GARDEN/TRINITY CHRISTIAN CHURCH","24","100.0000","42101","Carbon monoxide","554","11260","Anchorage, AK","02","Alaska","020","Anchorage","61.2058610007956","-149.824602"
"09/13/2023","AQS","020200018","1","0.3","ppm","3","GARDEN/TRINITY CHRISTIAN CHURCH","24","100.0000","42101","Carbon monoxide","554","11260","Anchorage, AK","02","Alaska","020","Anchorage","61.2058610007956","-149.824602"
"09/14/2023","AQS","020200018","1","0.2","ppm","2","GARDEN/TRINITY CHRISTIAN CHURCH","24","100.0000","42101","Carbon monoxide","554","11260","Anchorage, AK","02","Alaska","020","Anchorage","61.2058610007956","-149.824602"
"09/15/2023","AQS","020200018","1","0.3","ppm","3","GARDEN/TRINITY CHRISTIAN CHURCH","24","100.0000","42101","Carbon monoxide","554","11260","Anchorage, AK","02","Alaska","020","Anchorage","61.2058610007956","-149.824602"
"09/16/2023","AQS","020200018","1","0.2","ppm","2","GARDEN/TRINITY CHRISTIAN CHURCH","24","100.0000","42101","Carbon monoxide","554","11260","Anchorage, AK","02","Alaska","020","Anchorage","61.2058610007956","-149.824602"
"09/17/2023","AQS","020200018","1","0.2","ppm","2","GARDEN/TRINITY CHRISTIAN CHURCH","24","100.0000","42101","Carbon monoxide","554","11260","Anchorage, AK","02","Alaska","020","Anchorage","61.2058610007956","-149.824602"
"09/18/2023","AQS","020200018","1","0.4","ppm","5","GARDEN/TRINITY CHRISTIAN CHURCH","24","100.0000","42101","Carbon monoxide","554","11260","Anchorage, AK","02","Alaska","020","Anchorage","61.2058610007956","-149.824602"
"09/19/2023","AQS","020200018","1","0.6","ppm","7","GARDEN/TRINITY CHRISTIAN CHURCH","24","100.0000","42101","Carbon monoxide","554","11260","Anchorage, AK","02","Alaska","020","Anchorage","61.2058610007956","-149.824602"
"09/20/2023","AQS","020200018","1","0.5","ppm","6","GARDEN/TRINITY CHRISTIAN CHURCH","24","100.0000","42101","Carbon monoxide","554","11260","Anchorage, AK","02","Alaska","020","Anchorage","61.2058610007956","-149.824602"
"09/21/2023","AQS","020200018","1","0.3","ppm","3","GARDEN/TRINITY CHRISTIAN CHURCH","24","100.0000","42101","Carbon monoxide","554","11260","Anchorage, AK","02","Alaska","020","Anchorage","61.2058610007956","-149.824602"
"09/22/2023","AQS","020200018","1","0.4","ppm","5","GARDEN/TRINITY CHRISTIAN CHURCH","24","100.0000","42101","Carbon monoxide","554","11260","Anchorage, AK","02","Alaska","020","Anchorage","61.2058610007956","-149.824602"
"09/23/2023","AQS","020200018","1","0.5","ppm","6","GARDEN/TRINITY CHRISTIAN CHURCH","24","100.0000","42101","Carbon monoxide","554","11260","Anchorage, AK","02","Alaska","020","Anchorage","61.2058610007956","-149.824602"
"09/24/2023","AQS","020200018","1","0.6","ppm","7","GARDEN/TRINITY CHRISTIAN CHURCH","24","100.0000","42101","Carbon monoxide","554","11260","Anchorage, AK","02","Alaska","020","Anchorage","61.2058610007956","-149.824602"
"09/25/2023","AQS","020200018","1","0.6","ppm","7","GARDEN/TRINITY CHRISTIAN CHURCH","24","100.0000","42101","Carbon monoxide","554","11260","Anchorage, AK","02","Alaska","020","Anchorage","61.2058610007956","-149.824602"
"09/26/2023","AQS","020200018","1","0.7","ppm","8","GARDEN/TRINITY CHRISTIAN CHURCH","24","100.0000","42101","Carbon monoxide","554","11260","Anchorage, AK","02","Alaska","020","Anchorage","61.2058610007956","-149.824602"
"09/27/2023","AQS","020200018","1","0.5","ppm","6","GARDEN/TRINITY CHRISTIAN CHURCH","24","100.0000","42101","Carbon monoxide","554","11260","Anchorage, AK","02","Alaska","020","Anchorage","61.2058610007956","-149.824602"
"09/28/2023","AQS","020200018","1","0.6","ppm","7","GARDEN/TRINITY CHRISTIAN CHURCH","24","100.0000","42101","Carbon monoxide","554","11260","Anchorage, AK","02","Alaska","020","Anchorage","61.2058610007956","-149.824602"
"09/29/2023","AQS","020200018","1","0.7","ppm","8","GARDEN/TRINITY CHRISTIAN CHURCH","24","100.0000","42101","Carbon monoxide","554","11260","Anchorage, AK","02","Alaska","020","Anchorage","61.2058610007956","-149.824602"
"09/30/2023","AQS","020200018","1","0.7","ppm","8","GARDEN/TRINITY CHRISTIAN CHURCH","24","100.0000","42101","Carbon monoxide","554","11260","Anchorage, AK","02","Alaska","020","Anchorage","61.2058610007956","-149.824602"
"10/01/2023","AQS","020200018","1","0.5","ppm","6","GARDEN/TRINITY CHRISTIAN CHURCH","24","100.0000","42101","Carbon monoxide","554","11260","Anchorage, AK","02","Alaska","020","Anchorage","61.2058610007956","-149.824602"
"10/02/2023","AQS","020200018","1","0.3","ppm","3","GARDEN/TRINITY CHRISTIAN CHURCH","24","100.0000","42101","Carbon monoxide","554","11260","Anchorage, AK","02","Alaska","020","Anchorage","61.2058610007956","-149.824602"
"10/03/2023","AQS","020200018","1","0.8","ppm","9","GARDEN/TRINITY CHRISTIAN CHURCH","24","100.0000","42101","Carbon monoxide","554","11260","Anchorage, AK","02","Alaska","020","Anchorage","61.2058610007956","-149.824602"
"10/04/2023","AQS","020200018","1","0.8","ppm","9","GARDEN/TRINITY CHRISTIAN CHURCH","12","50.0000","42101","Carbon monoxide","554","11260","Anchorage, AK","02","Alaska","020","Anchorage","61.2058610007956","-149.824602"
"10/05/2023","AQS","020200018","1","0.3","ppm","3","GARDEN/TRINITY CHRISTIAN CHURCH","2","8.0000","42101","Carbon monoxide","554","11260","Anchorage, AK","02","Alaska","020","Anchorage","61.2058610007956","-149.824602"
"10/06/2023","AQS","020200018","1","0.4","ppm","5","GARDEN/TRINITY CHRISTIAN CHURCH","18","75.0000","42101","Carbon monoxide","554","11260","Anchorage, AK","02","Alaska","020","Anchorage","61.2058610007956","-149.824602"
"10/07/2023","AQS","020200018","1","0.3","ppm","3","GARDEN/TRINITY CHRISTIAN CHURCH","24","100.0000","42101","Carbon monoxide","554","11260","Anchorage, AK","02","Alaska","020","Anchorage","61.2058610007956","-149.824602"
"10/08/2023","AQS","020200018","1","0.2","ppm","2","GARDEN/TRINITY CHRISTIAN CHURCH","24","100.0000","42101","Carbon monoxide","554","11260","Anchorage, AK","02","Alaska","020","Anchorage","61.2058610007956","-149.824602"
"10/09/2023","AQS","020200018","1","0.2","ppm","2","GARDEN/TRINITY CHRISTIAN CHURCH","24","100.0000","42101","Carbon monoxide","554","11260","Anchorage, AK","02","Alaska","020","Anchorage","61.2058610007956","-149.824602"
"10/10/2023","AQS","020200018","1","0.2","ppm","2","GARDEN/TRINITY CHRISTIAN CHURCH","24","100.0000","42101","Carbon monoxide","554","11260","Anchorage, AK","02","Alaska","020","Anchorage","61.2058610007956","-149.824602"
"10/11/2023","AQS","020200018","1","0.2","ppm","2","GARDEN/TRINITY CHRISTIAN CHURCH","12","50.0000","42101","Carbon monoxide","554","11260","Anchorage, AK","02","Alaska","020","Anchorage","61.2058610007956","-149.824602"
"10/13/2023","AQS","020200018","1","0.2","ppm","2","GARDEN/TRINITY CHRISTIAN CHURCH","6","25.0000","42101","Carbon monoxide","554","11260","Anchorage, AK","02","Alaska","020","Anchorage","61.2058610007956","-149.824602"
"10/14/2023","AQS","020200018","1","0.3","ppm","3","GARDEN/TRINITY CHRISTIAN CHURCH","24","100.0000","42101","Carbon monoxide","554","11260","Anchorage, AK","02","Alaska","020","Anchorage","61.2058610007956","-149.824602"
"10/15/2023","AQS","020200018","1","0.5","ppm","6","GARDEN/TRINITY CHRISTIAN CHURCH","24","100.0000","42101","Carbon monoxide","554","11260","Anchorage, AK","02","Alaska","020","Anchorage","61.2058610007956","-149.824602"
"10/16/2023","AQS","020200018","1","0.8","ppm","9","GARDEN/TRINITY CHRISTIAN CHURCH","24","100.0000","42101","Carbon monoxide","554","11260","Anchorage, AK","02","Alaska","020","Anchorage","61.2058610007956","-149.824602"
"10/17/2023","AQS","020200018","1","1.1","ppm","13","GARDEN/TRINITY CHRISTIAN CHURCH","24","100.0000","42101","Carbon monoxide","554","11260","Anchorage, AK","02","Alaska","020","Anchorage","61.2058610007956","-149.824602"
"10/18/2023","AQS","020200018","1","0.8","ppm","9","GARDEN/TRINITY CHRISTIAN CHURCH","24","100.0000","42101","Carbon monoxide","554","11260","Anchorage, AK","02","Alaska","020","Anchorage","61.2058610007956","-149.824602"
"10/19/2023","AQS","020200018","1","0.4","ppm","5","GARDEN/TRINITY CHRISTIAN CHURCH","10","42.0000","42101","Carbon monoxide","554","11260","Anchorage, AK","02","Alaska","020","Anchorage","61.2058610007956","-149.824602"
"10/21/2023","AQS","020200018","1","0.6","ppm","7","GARDEN/TRINITY CHRISTIAN CHURCH","13","54.0000","42101","Carbon monoxide","554","11260","Anchorage, AK","02","Alaska","020","Anchorage","61.2058610007956","-149.824602"
"10/22/2023","AQS","020200018","1","0.7","ppm","8","GARDEN/TRINITY CHRISTIAN CHURCH","16","67.0000","42101","Carbon monoxide","554","11260","Anchorage, AK","02","Alaska","020","Anchorage","61.2058610007956","-149.824602"
"10/23/2023","AQS","020200018","1","0.8","ppm","9","GARDEN/TRINITY CHRISTIAN CHURCH","16","67.0000","42101","Carbon monoxide","554","11260","Anchorage, AK","02","Alaska","020","Anchorage","61.2058610007956","-149.824602"
"10/24/2023","AQS","020200018","1","1.1","ppm","13","GARDEN/TRINITY CHRISTIAN CHURCH","24","100.0000","42101","Carbon monoxide","554","11260","Anchorage, AK","02","Alaska","020","Anchorage","61.2058610007956","-149.824602"
"10/25/2023","AQS","020200018","1","1.1","ppm","13","GARDEN/TRINITY CHRISTIAN CHURCH","24","100.0000","42101","Carbon monoxide","554","11260","Anchorage, AK","02","Alaska","020","Anchorage","61.2058610007956","-149.824602"
"10/26/2023","AQS","020200018","1","1.2","ppm","14","GARDEN/TRINITY CHRISTIAN CHURCH","24","100.0000","42101","Carbon monoxide","554","11260","Anchorage, AK","02","Alaska","020","Anchorage","61.2058610007956","-149.824602"
"10/27/2023","AQS","020200018","1","1.3","ppm","15","GARDEN/TRINITY CHRISTIAN CHURCH","24","100.0000","42101","Carbon monoxide","554","11260","Anchorage, AK","02","Alaska","020","Anchorage","61.2058610007956","-149.824602"
"10/28/2023","AQS","020200018","1","1.3","ppm","15","GARDEN/TRINITY CHRISTIAN CHURCH","24","100.0000","42101","Carbon monoxide","554","11260","Anchorage, AK","02","Alaska","020","Anchorage","61.2058610007956","-149.824602"
"10/29/2023","AQS","020200018","1","0.7","ppm","8","GARDEN/TRINITY CHRISTIAN CHURCH","24","100.0000","42101","Carbon monoxide","554","11260","Anchorage, AK","02","Alaska","020","Anchorage","61.2058610007956","-149.824602"
"10/30/2023","AQS","020200018","1","1","ppm","11","GARDEN/TRINITY CHRISTIAN CHURCH","24","100.0000","42101","Carbon monoxide","554","11260","Anchorage, AK","02","Alaska","020","Anchorage","61.2058610007956","-149.824602"
"10/31/2023","AQS","020200018","1","1.2","ppm","14","GARDEN/TRINITY CHRISTIAN CHURCH","24","100.0000","42101","Carbon monoxide","554","11260","Anchorage, AK","02","Alaska","020","Anchorage","61.2058610007956","-149.824602"
"11/01/2023","AQS","020200018","1","0.5","ppm","6","GARDEN/TRINITY CHRISTIAN CHURCH","17","71.0000","42101","Carbon monoxide","554","11260","Anchorage, AK","02","Alaska","020","Anchorage","61.2058610007956","-149.824602"
"11/02/2023","AQS","020200018","1","0.7","ppm","8","GARDEN/TRINITY CHRISTIAN CHURCH","24","100.0000","42101","Carbon monoxide","554","11260","Anchorage, AK","02","Alaska","020","Anchorage","61.2058610007956","-149.824602"
"11/03/2023","AQS","020200018","1","1.1","ppm","13","GARDEN/TRINITY CHRISTIAN CHURCH","24","100.0000","42101","Carbon monoxide","554","11260","Anchorage, AK","02","Alaska","020","Anchorage","61.2058610007956","-149.824602"
"11/04/2023","AQS","020200018","1","0.2","ppm","2","GARDEN/TRINITY CHRISTIAN CHURCH","24","100.0000","42101","Carbon monoxide","554","11260","Anchorage, AK","02","Alaska","020","Anchorage","61.2058610007956","-149.824602"
"11/05/2023","AQS","020200018","1","0.3","ppm","3","GARDEN/TRINITY CHRISTIAN CHURCH","24","100.0000","42101","Carbon monoxide","554","11260","Anchorage, AK","02","Alaska","020","Anchorage","61.2058610007956","-149.824602"
"11/06/2023","AQS","020200018","1","0.3","ppm","3","GARDEN/TRINITY CHRISTIAN CHURCH","24","100.0000","42101","Carbon monoxide","554","11260","Anchorage, AK","02","Alaska","020","Anchorage","61.2058610007956","-149.824602"
"11/07/2023","AQS","020200018","1","0.7","ppm","8","GARDEN/TRINITY CHRISTIAN CHURCH","24","100.0000","42101","Carbon monoxide","554","11260","Anchorage, AK","02","Alaska","020","Anchorage","61.2058610007956","-149.824602"
"11/08/2023","AQS","020200018","1","0.4","ppm","5","GARDEN/TRINITY CHRISTIAN CHURCH","17","71.0000","42101","Carbon monoxide","554","11260","Anchorage, AK","02","Alaska","020","Anchorage","61.2058610007956","-149.824602"
"11/09/2023","AQS","020200018","1","0.4","ppm","5","GARDEN/TRINITY CHRISTIAN CHURCH","24","100.0000","42101","Carbon monoxide","554","11260","Anchorage, AK","02","Alaska","020","Anchorage","61.2058610007956","-149.824602"
"11/10/2023","AQS","020200018","1","0.4","ppm","5","GARDEN/TRINITY CHRISTIAN CHURCH","24","100.0000","42101","Carbon monoxide","554","11260","Anchorage, AK","02","Alaska","020","Anchorage","61.2058610007956","-149.824602"
"11/11/2023","AQS","020200018","1","0.6","ppm","7","GARDEN/TRINITY CHRISTIAN CHURCH","24","100.0000","42101","Carbon monoxide","554","11260","Anchorage, AK","02","Alaska","020","Anchorage","61.2058610007956","-149.824602"
"11/12/2023","AQS","020200018","1","1.3","ppm","15","GARDEN/TRINITY CHRISTIAN CHURCH","24","100.0000","42101","Carbon monoxide","554","11260","Anchorage, AK","02","Alaska","020","Anchorage","61.2058610007956","-149.824602"
"11/13/2023","AQS","020200018","1","1.1","ppm","13","GARDEN/TRINITY CHRISTIAN CHURCH","24","100.0000","42101","Carbon monoxide","554","11260","Anchorage, AK","02","Alaska","020","Anchorage","61.2058610007956","-149.824602"
"11/14/2023","AQS","020200018","1","1.6","ppm","18","GARDEN/TRINITY CHRISTIAN CHURCH","24","100.0000","42101","Carbon monoxide","554","11260","Anchorage, AK","02","Alaska","020","Anchorage","61.2058610007956","-149.824602"
"11/15/2023","AQS","020200018","1","0.5","ppm","6","GARDEN/TRINITY CHRISTIAN CHURCH","17","71.0000","42101","Carbon monoxide","554","11260","Anchorage, AK","02","Alaska","020","Anchorage","61.2058610007956","-149.824602"
"11/16/2023","AQS","020200018","1","0.3","ppm","3","GARDEN/TRINITY CHRISTIAN CHURCH","24","100.0000","42101","Carbon monoxide","554","11260","Anchorage, AK","02","Alaska","020","Anchorage","61.2058610007956","-149.824602"
"11/17/2023","AQS","020200018","1","0.2","ppm","2","GARDEN/TRINITY CHRISTIAN CHURCH","24","100.0000","42101","Carbon monoxide","554","11260","Anchorage, AK","02","Alaska","020","Anchorage","61.2058610007956","-149.824602"
"11/18/2023","AQS","020200018","1","1","ppm","11","GARDEN/TRINITY CHRISTIAN CHURCH","24","100.0000","42101","Carbon monoxide","554","11260","Anchorage, AK","02","Alaska","020","Anchorage","61.2058610007956","-149.824602"
"11/19/2023","AQS","020200018","1","0.5","ppm","6","GARDEN/TRINITY CHRISTIAN CHURCH","24","100.0000","42101","Carbon monoxide","554","11260","Anchorage, AK","02","Alaska","020","Anchorage","61.2058610007956","-149.824602"
"11/20/2023","AQS","020200018","1","1","ppm","11","GARDEN/TRINITY CHRISTIAN CHURCH","24","100.0000","42101","Carbon monoxide","554","11260","Anchorage, AK","02","Alaska","020","Anchorage","61.2058610007956","-149.824602"
"11/21/2023","AQS","020200018","1","1.5","ppm","17","GARDEN/TRINITY CHRISTIAN CHURCH","24","100.0000","42101","Carbon monoxide","554","11260","Anchorage, AK","02","Alaska","020","Anchorage","61.2058610007956","-149.824602"
"11/22/2023","AQS","020200018","1","0.8","ppm","9","GARDEN/TRINITY CHRISTIAN CHURCH","24","100.0000","42101","Carbon monoxide","554","11260","Anchorage, AK","02","Alaska","020","Anchorage","61.2058610007956","-149.824602"
"11/23/2023","AQS","020200018","1","0.6","ppm","7","GARDEN/TRINITY CHRISTIAN CHURCH","24","100.0000","42101","Carbon monoxide","554","11260","Anchorage, AK","02","Alaska","020","Anchorage","61.2058610007956","-149.824602"
"11/24/2023","AQS","020200018","1","0.8","ppm","9","GARDEN/TRINITY CHRISTIAN CHURCH","24","100.0000","42101","Carbon monoxide","554","11260","Anchorage, AK","02","Alaska","020","Anchorage","61.2058610007956","-149.824602"
"11/25/2023","AQS","020200018","1","1.1","ppm","13","GARDEN/TRINITY CHRISTIAN CHURCH","24","100.0000","42101","Carbon monoxide","554","11260","Anchorage, AK","02","Alaska","020","Anchorage","61.2058610007956","-149.824602"
"11/26/2023","AQS","020200018","1","0.6","ppm","7","GARDEN/TRINITY CHRISTIAN CHURCH","24","100.0000","42101","Carbon monoxide","554","11260","Anchorage, AK","02","Alaska","020","Anchorage","61.2058610007956","-149.824602"
"11/27/2023","AQS","020200018","1","0.3","ppm","3","GARDEN/TRINITY CHRISTIAN CHURCH","24","100.0000","42101","Carbon monoxide","554","11260","Anchorage, AK","02","Alaska","020","Anchorage","61.2058610007956","-149.824602"
"11/28/2023","AQS","020200018","1","0.5","ppm","6","GARDEN/TRINITY CHRISTIAN CHURCH","24","100.0000","42101","Carbon monoxide","554","11260","Anchorage, AK","02","Alaska","020","Anchorage","61.2058610007956","-149.824602"
"11/29/2023","AQS","020200018","1","0.5","ppm","6","GARDEN/TRINITY CHRISTIAN CHURCH","24","100.0000","42101","Carbon monoxide","554","11260","Anchorage, AK","02","Alaska","020","Anchorage","61.2058610007956","-149.824602"
"11/30/2023","AQS","020200018","1","0.8","ppm","9","GARDEN/TRINITY CHRISTIAN CHURCH","24","100.0000","42101","Carbon monoxide","554","11260","Anchorage, AK","02","Alaska","020","Anchorage","61.2058610007956","-149.824602"
"12/01/2023","AQS","020200018","1","1.3","ppm","15","GARDEN/TRINITY CHRISTIAN CHURCH","24","100.0000","42101","Carbon monoxide","554","11260","Anchorage, AK","02","Alaska","020","Anchorage","61.2058610007956","-149.824602"
"12/02/2023","AQS","020200018","1","1.3","ppm","15","GARDEN/TRINITY CHRISTIAN CHURCH","24","100.0000","42101","Carbon monoxide","554","11260","Anchorage, AK","02","Alaska","020","Anchorage","61.2058610007956","-149.824602"
"12/03/2023","AQS","020200018","1","1.3","ppm","15","GARDEN/TRINITY CHRISTIAN CHURCH","24","100.0000","42101","Carbon monoxide","554","11260","Anchorage, AK","02","Alaska","020","Anchorage","61.2058610007956","-149.824602"
"12/04/2023","AQS","020200018","1","1.2","ppm","14","GARDEN/TRINITY CHRISTIAN CHURCH","24","100.0000","42101","Carbon monoxide","554","11260","Anchorage, AK","02","Alaska","020","Anchorage","61.2058610007956","-149.824602"
"12/05/2023","AQS","020200018","1","0.5","ppm","6","GARDEN/TRINITY CHRISTIAN CHURCH","24","100.0000","42101","Carbon monoxide","554","11260","Anchorage, AK","02","Alaska","020","Anchorage","61.2058610007956","-149.824602"
"12/06/2023","AQS","020200018","1","0.9","ppm","10","GARDEN/TRINITY CHRISTIAN CHURCH","24","100.0000","42101","Carbon monoxide","554","11260","Anchorage, AK","02","Alaska","020","Anchorage","61.2058610007956","-149.824602"
"12/07/2023","AQS","020200018","1","1","ppm","11","GARDEN/TRINITY CHRISTIAN CHURCH","24","100.0000","42101","Carbon monoxide","554","11260","Anchorage, AK","02","Alaska","020","Anchorage","61.2058610007956","-149.824602"
"12/08/2023","AQS","020200018","1","1.2","ppm","14","GARDEN/TRINITY CHRISTIAN CHURCH","24","100.0000","42101","Carbon monoxide","554","11260","Anchorage, AK","02","Alaska","020","Anchorage","61.2058610007956","-149.824602"
"12/09/2023","AQS","020200018","1","1.4","ppm","16","GARDEN/TRINITY CHRISTIAN CHURCH","24","100.0000","42101","Carbon monoxide","554","11260","Anchorage, AK","02","Alaska","020","Anchorage","61.2058610007956","-149.824602"
"12/10/2023","AQS","020200018","1","0.2","ppm","2","GARDEN/TRINITY CHRISTIAN CHURCH","24","100.0000","42101","Carbon monoxide","554","11260","Anchorage, AK","02","Alaska","020","Anchorage","61.2058610007956","-149.824602"
"12/11/2023","AQS","020200018","1","0.7","ppm","8","GARDEN/TRINITY CHRISTIAN CHURCH","17","71.0000","42101","Carbon monoxide","554","11260","Anchorage, AK","02","Alaska","020","Anchorage","61.2058610007956","-149.824602"
"12/12/2023","AQS","020200018","1","0.8","ppm","9","GARDEN/TRINITY CHRISTIAN CHURCH","24","100.0000","42101","Carbon monoxide","554","11260","Anchorage, AK","02","Alaska","020","Anchorage","61.2058610007956","-149.824602"
"12/13/2023","AQS","020200018","1","0.5","ppm","6","GARDEN/TRINITY CHRISTIAN CHURCH","24","100.0000","42101","Carbon monoxide","554","11260","Anchorage, AK","02","Alaska","020","Anchorage","61.2058610007956","-149.824602"
"12/14/2023","AQS","020200018","1","1.5","ppm","17","GARDEN/TRINITY CHRISTIAN CHURCH","24","100.0000","42101","Carbon monoxide","554","11260","Anchorage, AK","02","Alaska","020","Anchorage","61.2058610007956","-149.824602"
"12/15/2023","AQS","020200018","1","1.5","ppm","17","GARDEN/TRINITY CHRISTIAN CHURCH","24","100.0000","42101","Carbon monoxide","554","11260","Anchorage, AK","02","Alaska","020","Anchorage","61.2058610007956","-149.824602"
"12/16/2023","AQS","020200018","1","0.4","ppm","5","GARDEN/TRINITY CHRISTIAN CHURCH","24","100.0000","42101","Carbon monoxide","554","11260","Anchorage, AK","02","Alaska","020","Anchorage","61.2058610007956","-149.824602"
"12/17/2023","AQS","020200018","1","0.3","ppm","3","GARDEN/TRINITY CHRISTIAN CHURCH","24","100.0000","42101","Carbon monoxide","554","11260","Anchorage, AK","02","Alaska","020","Anchorage","61.2058610007956","-149.824602"
"12/18/2023","AQS","020200018","1","1.2","ppm","14","GARDEN/TRINITY CHRISTIAN CHURCH","24","100.0000","42101","Carbon monoxide","554","11260","Anchorage, AK","02","Alaska","020","Anchorage","61.2058610007956","-149.824602"
"12/19/2023","AQS","020200018","1","0.3","ppm","3","GARDEN/TRINITY CHRISTIAN CHURCH","24","100.0000","42101","Carbon monoxide","554","11260","Anchorage, AK","02","Alaska","020","Anchorage","61.2058610007956","-149.824602"
"12/20/2023","AQS","020200018","1","0.4","ppm","5","GARDEN/TRINITY CHRISTIAN CHURCH","24","100.0000","42101","Carbon monoxide","554","11260","Anchorage, AK","02","Alaska","020","Anchorage","61.2058610007956","-149.824602"
"12/21/2023","AQS","020200018","1","0.7","ppm","8","GARDEN/TRINITY CHRISTIAN CHURCH","18","75.0000","42101","Carbon monoxide","554","11260","Anchorage, AK","02","Alaska","020","Anchorage","61.2058610007956","-149.824602"
"12/22/2023","AQS","020200018","1","0.3","ppm","3","GARDEN/TRINITY CHRISTIAN CHURCH","17","71.0000","42101","Carbon monoxide","554","11260","Anchorage, AK","02","Alaska","020","Anchorage","61.2058610007956","-149.824602"
"12/23/2023","AQS","020200018","1","0.3","ppm","3","GARDEN/TRINITY CHRISTIAN CHURCH","12","50.0000","42101","Carbon monoxide","554","11260","Anchorage, AK","02","Alaska","020","Anchorage","61.2058610007956","-149.824602"
"12/24/2023","AQS","020200018","1","0.2","ppm","2","GARDEN/TRINITY CHRISTIAN CHURCH","18","75.0000","42101","Carbon monoxide","554","11260","Anchorage, AK","02","Alaska","020","Anchorage","61.2058610007956","-149.824602"
"12/25/2023","AQS","020200018","1","0.3","ppm","3","GARDEN/TRINITY CHRISTIAN CHURCH","24","100.0000","42101","Carbon monoxide","554","11260","Anchorage, AK","02","Alaska","020","Anchorage","61.2058610007956","-149.824602"
"12/26/2023","AQS","020200018","1","0.8","ppm","9","GARDEN/TRINITY CHRISTIAN CHURCH","24","100.0000","42101","Carbon monoxide","554","11260","Anchorage, AK","02","Alaska","020","Anchorage","61.2058610007956","-149.824602"
"12/27/2023","AQS","020200018","1","0.8","ppm","9","GARDEN/TRINITY CHRISTIAN CHURCH","15","63.0000","42101","Carbon monoxide","554","11260","Anchorage, AK","02","Alaska","020","Anchorage","61.2058610007956","-149.824602"
"12/28/2023","AQS","020200018","1","1.7","ppm","19","GARDEN/TRINITY CHRISTIAN CHURCH","24","100.0000","42101","Carbon monoxide","554","11260","Anchorage, AK","02","Alaska","020","Anchorage","61.2058610007956","-149.824602"
"12/29/2023","AQS","020200018","1","1.7","ppm","19","GARDEN/TRINITY CHRISTIAN CHURCH","13","54.0000","42101","Carbon monoxide","554","11260","Anchorage, AK","02","Alaska","020","Anchorage","61.2058610007956","-149.824602"
"12/30/2023","AQS","020200018","1","0.6","ppm","7","GARDEN/TRINITY CHRISTIAN CHURCH","24","100.0000","42101","Carbon monoxide","554","11260","Anchorage, AK","02","Alaska","020","Anchorage","61.2058610007956","-149.824602"
"12/31/2023","AQS","020200018","1","0.5","ppm","6","GARDEN/TRINITY CHRISTIAN CHURCH","24","100.0000","42101","Carbon monoxide","554","11260","Anchorage, AK","02","Alaska","020","Anchorage","61.2058610007956","-149.824602"
